Review,Sentiment
The movie was absolutely fantastic!,Positive
I regret watching this movie.,Negative
I couldn't wait for it to end.,Negative
A true masterpiece of cinema.,Positive
I regret watching this movie.,Negative
The plot was dull and uninteresting.,Negative
It was a complete waste of time.,Negative
The plot was dull and uninteresting.,Negative
A disappointing experience overall.,Negative
One of the best films I have ever seen.,Positive
"I was hooked the entire time, brilliant work.",Positive
The acting was top-notch and the story was gripping.,Positive
A true masterpiece of cinema.,Positive
Terrible acting and a boring story.,Negative
Everything about this movie was perfect.,Positive
I loved the plot and the characters.,Positive
The acting was top-notch and the story was gripping.,Positive
The characters were poorly written.,Negative
One of the best films I have ever seen.,Positive
It was a complete waste of time.,Negative
It was a complete waste of time.,Negative
I loved the plot and the characters.,Positive
The characters were poorly written.,Negative
"I was hooked the entire time, brilliant work.",Positive
I loved the plot and the characters.,Positive
The movie was absolutely fantastic!,Positive
The acting was top-notch and the story was gripping.,Positive
It was a complete waste of time.,Negative
Such an inspiring and heartwarming story.,Positive
One of the best films I have ever seen.,Positive
The acting was top-notch and the story was gripping.,Positive
It was an amazing experience from start to finish.,Positive
One of the best films I have ever seen.,Positive
The movie was absolutely fantastic!,Positive
It was a complete waste of time.,Negative
I regret watching this movie.,Negative
"I was hooked the entire time, brilliant work.",Positive
Terrible acting and a boring story.,Negative
This movie exceeded all my expectations.,Positive
It was a complete waste of time.,Negative
Absolutely awful from start to finish.,Negative
I loved the plot and the characters.,Positive
This movie exceeded all my expectations.,Positive
I couldn't wait for it to end.,Negative
I loved the plot and the characters.,Positive
The movie was absolutely fantastic!,Positive
It was an amazing experience from start to finish.,Positive
The movie was absolutely fantastic!,Positive
"I was hooked the entire time, brilliant work.",Positive
The characters were poorly written.,Negative
The characters were poorly written.,Negative
A disappointing experience overall.,Negative
Nothing made sense in the storyline.,Negative
The film was too long and pointless.,Negative
The plot was dull and uninteresting.,Negative
A true masterpiece of cinema.,Positive
Absolutely awful from start to finish.,Negative
The acting was top-notch and the story was gripping.,Positive
Terrible acting and a boring story.,Negative
It was a complete waste of time.,Negative
The plot was dull and uninteresting.,Negative
"I was hooked the entire time, brilliant work.",Positive
Terrible acting and a boring story.,Negative
Such an inspiring and heartwarming story.,Positive
The plot was dull and uninteresting.,Negative
I regret watching this movie.,Negative
"I was hooked the entire time, brilliant work.",Positive
I loved the plot and the characters.,Positive
Such an inspiring and heartwarming story.,Positive
It was a complete waste of time.,Negative
The acting was top-notch and the story was gripping.,Positive
Everything about this movie was perfect.,Positive
I loved the plot and the characters.,Positive
A true masterpiece of cinema.,Positive
The characters were poorly written.,Negative
It was a complete waste of time.,Negative
The acting was top-notch and the story was gripping.,Positive
Such an inspiring and heartwarming story.,Positive
Absolutely awful from start to finish.,Negative
Everything about this movie was perfect.,Positive
The plot was dull and uninteresting.,Negative
I regret watching this movie.,Negative
The movie was absolutely fantastic!,Positive
Nothing made sense in the storyline.,Negative
It was a complete waste of time.,Negative
Nothing made sense in the storyline.,Negative
This movie exceeded all my expectations.,Positive
"I was hooked the entire time, brilliant work.",Positive
This movie exceeded all my expectations.,Positive
The acting was top-notch and the story was gripping.,Positive
I loved the plot and the characters.,Positive
I couldn't wait for it to end.,Negative
I loved the plot and the characters.,Positive
Nothing made sense in the storyline.,Negative
The film was too long and pointless.,Negative
The characters were poorly written.,Negative
Everything about this movie was perfect.,Positive
It was an amazing experience from start to finish.,Positive
Absolutely awful from start to finish.,Negative
"I was hooked the entire time, brilliant work.",Positive
Absolutely awful from start to finish.,Negative
This movie exceeded all my expectations.,Positive
The movie was absolutely fantastic!,Positive
Such an inspiring and heartwarming story.,Positive
The acting was top-notch and the story was gripping.,Positive
The film was too long and pointless.,Negative
One of the best films I have ever seen.,Positive
Such an inspiring and heartwarming story.,Positive
Absolutely awful from start to finish.,Negative
It was an amazing experience from start to finish.,Positive
Such an inspiring and heartwarming story.,Positive
The plot was dull and uninteresting.,Negative
This movie exceeded all my expectations.,Positive
The plot was dull and uninteresting.,Negative
Absolutely awful from start to finish.,Negative
It was an amazing experience from start to finish.,Positive
I regret watching this movie.,Negative
The characters were poorly written.,Negative
This movie exceeded all my expectations.,Positive
It was an amazing experience from start to finish.,Positive
Nothing made sense in the storyline.,Negative
The plot was dull and uninteresting.,Negative
This movie exceeded all my expectations.,Positive
I loved the plot and the characters.,Positive
It was an amazing experience from start to finish.,Positive
I regret watching this movie.,Negative
The film was too long and pointless.,Negative
The film was too long and pointless.,Negative
I couldn't wait for it to end.,Negative
A true masterpiece of cinema.,Positive
The characters were poorly written.,Negative
"I was hooked the entire time, brilliant work.",Positive
Terrible acting and a boring story.,Negative
It was an amazing experience from start to finish.,Positive
I regret watching this movie.,Negative
A true masterpiece of cinema.,Positive
A true masterpiece of cinema.,Positive
One of the best films I have ever seen.,Positive
A disappointing experience overall.,Negative
It was an amazing experience from start to finish.,Positive
The film was too long and pointless.,Negative
I couldn't wait for it to end.,Negative
The acting was top-notch and the story was gripping.,Positive
This movie exceeded all my expectations.,Positive
Everything about this movie was perfect.,Positive
I regret watching this movie.,Negative
This movie exceeded all my expectations.,Positive
I loved the plot and the characters.,Positive
A disappointing experience overall.,Negative
A true masterpiece of cinema.,Positive
One of the best films I have ever seen.,Positive
Absolutely awful from start to finish.,Negative
It was a complete waste of time.,Negative
I loved the plot and the characters.,Positive
The film was too long and pointless.,Negative
Absolutely awful from start to finish.,Negative
I loved the plot and the characters.,Positive
It was a complete waste of time.,Negative
The characters were poorly written.,Negative
"I was hooked the entire time, brilliant work.",Positive
It was a complete waste of time.,Negative
The movie was absolutely fantastic!,Positive
It was a complete waste of time.,Negative
The characters were poorly written.,Negative
A true masterpiece of cinema.,Positive
"I was hooked the entire time, brilliant work.",Positive
I regret watching this movie.,Negative
It was an amazing experience from start to finish.,Positive
Terrible acting and a boring story.,Negative
I couldn't wait for it to end.,Negative
I regret watching this movie.,Negative
I couldn't wait for it to end.,Negative
It was a complete waste of time.,Negative
Absolutely awful from start to finish.,Negative
"I was hooked the entire time, brilliant work.",Positive
The movie was absolutely fantastic!,Positive
The characters were poorly written.,Negative
Terrible acting and a boring story.,Negative
Everything about this movie was perfect.,Positive
A true masterpiece of cinema.,Positive
One of the best films I have ever seen.,Positive
Everything about this movie was perfect.,Positive
Nothing made sense in the storyline.,Negative
Terrible acting and a boring story.,Negative
The movie was absolutely fantastic!,Positive
A true masterpiece of cinema.,Positive
I loved the plot and the characters.,Positive
I loved the plot and the characters.,Positive
One of the best films I have ever seen.,Positive
The characters were poorly written.,Negative
Everything about this movie was perfect.,Positive
Nothing made sense in the storyline.,Negative
A true masterpiece of cinema.,Positive
"I was hooked the entire time, brilliant work.",Positive
"I was hooked the entire time, brilliant work.",Positive
The characters were poorly written.,Negative
A disappointing experience overall.,Negative
Everything about this movie was perfect.,Positive
I loved the plot and the characters.,Positive
The characters were poorly written.,Negative
It was a complete waste of time.,Negative
A true masterpiece of cinema.,Positive
Such an inspiring and heartwarming story.,Positive
The acting was top-notch and the story was gripping.,Positive
I regret watching this movie.,Negative
The plot was dull and uninteresting.,Negative
It was an amazing experience from start to finish.,Positive
The characters were poorly written.,Negative
Terrible acting and a boring story.,Negative
The characters were poorly written.,Negative
Terrible acting and a boring story.,Negative
Terrible acting and a boring story.,Negative
Terrible acting and a boring story.,Negative
It was a complete waste of time.,Negative
The characters were poorly written.,Negative
Absolutely awful from start to finish.,Negative
Such an inspiring and heartwarming story.,Positive
The film was too long and pointless.,Negative
Such an inspiring and heartwarming story.,Positive
The movie was absolutely fantastic!,Positive
"I was hooked the entire time, brilliant work.",Positive
Such an inspiring and heartwarming story.,Positive
The movie was absolutely fantastic!,Positive
It was a complete waste of time.,Negative
Such an inspiring and heartwarming story.,Positive
Nothing made sense in the storyline.,Negative
The movie was absolutely fantastic!,Positive
The acting was top-notch and the story was gripping.,Positive
The characters were poorly written.,Negative
Such an inspiring and heartwarming story.,Positive
The movie was absolutely fantastic!,Positive
The characters were poorly written.,Negative
A disappointing experience overall.,Negative
The plot was dull and uninteresting.,Negative
It was an amazing experience from start to finish.,Positive
Terrible acting and a boring story.,Negative
Terrible acting and a boring story.,Negative
The plot was dull and uninteresting.,Negative
One of the best films I have ever seen.,Positive
"I was hooked the entire time, brilliant work.",Positive
Terrible acting and a boring story.,Negative
This movie exceeded all my expectations.,Positive
One of the best films I have ever seen.,Positive
This movie exceeded all my expectations.,Positive
The characters were poorly written.,Negative
I loved the plot and the characters.,Positive
A true masterpiece of cinema.,Positive
I regret watching this movie.,Negative
Absolutely awful from start to finish.,Negative
Absolutely awful from start to finish.,Negative
I regret watching this movie.,Negative
I loved the plot and the characters.,Positive
A disappointing experience overall.,Negative
"I was hooked the entire time, brilliant work.",Positive
Everything about this movie was perfect.,Positive
The movie was absolutely fantastic!,Positive
Terrible acting and a boring story.,Negative
This movie exceeded all my expectations.,Positive
It was an amazing experience from start to finish.,Positive
Such an inspiring and heartwarming story.,Positive
The plot was dull and uninteresting.,Negative
It was a complete waste of time.,Negative
The plot was dull and uninteresting.,Negative
Nothing made sense in the storyline.,Negative
"I was hooked the entire time, brilliant work.",Positive
Terrible acting and a boring story.,Negative
I couldn't wait for it to end.,Negative
It was an amazing experience from start to finish.,Positive
I regret watching this movie.,Negative
It was a complete waste of time.,Negative
I regret watching this movie.,Negative
Nothing made sense in the storyline.,Negative
Such an inspiring and heartwarming story.,Positive
"I was hooked the entire time, brilliant work.",Positive
This movie exceeded all my expectations.,Positive
"I was hooked the entire time, brilliant work.",Positive
A true masterpiece of cinema.,Positive
The acting was top-notch and the story was gripping.,Positive
Nothing made sense in the storyline.,Negative
A true masterpiece of cinema.,Positive
"I was hooked the entire time, brilliant work.",Positive
The film was too long and pointless.,Negative
The characters were poorly written.,Negative
Terrible acting and a boring story.,Negative
Terrible acting and a boring story.,Negative
The characters were poorly written.,Negative
Terrible acting and a boring story.,Negative
A disappointing experience overall.,Negative
This movie exceeded all my expectations.,Positive
One of the best films I have ever seen.,Positive
The plot was dull and uninteresting.,Negative
It was a complete waste of time.,Negative
This movie exceeded all my expectations.,Positive
I regret watching this movie.,Negative
I couldn't wait for it to end.,Negative
The movie was absolutely fantastic!,Positive
One of the best films I have ever seen.,Positive
The plot was dull and uninteresting.,Negative
I loved the plot and the characters.,Positive
Everything about this movie was perfect.,Positive
The characters were poorly written.,Negative
I couldn't wait for it to end.,Negative
A true masterpiece of cinema.,Positive
I regret watching this movie.,Negative
The plot was dull and uninteresting.,Negative
The acting was top-notch and the story was gripping.,Positive
A disappointing experience overall.,Negative
The acting was top-notch and the story was gripping.,Positive
A true masterpiece of cinema.,Positive
Absolutely awful from start to finish.,Negative
I couldn't wait for it to end.,Negative
Everything about this movie was perfect.,Positive
The acting was top-notch and the story was gripping.,Positive
I couldn't wait for it to end.,Negative
Absolutely awful from start to finish.,Negative
The movie was absolutely fantastic!,Positive
I loved the plot and the characters.,Positive
I loved the plot and the characters.,Positive
"I was hooked the entire time, brilliant work.",Positive
One of the best films I have ever seen.,Positive
I regret watching this movie.,Negative
I loved the plot and the characters.,Positive
The characters were poorly written.,Negative
I couldn't wait for it to end.,Negative
A disappointing experience overall.,Negative
One of the best films I have ever seen.,Positive
It was an amazing experience from start to finish.,Positive
One of the best films I have ever seen.,Positive
Such an inspiring and heartwarming story.,Positive
The plot was dull and uninteresting.,Negative
The acting was top-notch and the story was gripping.,Positive
The plot was dull and uninteresting.,Negative
"I was hooked the entire time, brilliant work.",Positive
It was a complete waste of time.,Negative
Nothing made sense in the storyline.,Negative
I loved the plot and the characters.,Positive
This movie exceeded all my expectations.,Positive
The characters were poorly written.,Negative
It was an amazing experience from start to finish.,Positive
I couldn't wait for it to end.,Negative
It was an amazing experience from start to finish.,Positive
Everything about this movie was perfect.,Positive
The film was too long and pointless.,Negative
A disappointing experience overall.,Negative
I loved the plot and the characters.,Positive
A true masterpiece of cinema.,Positive
"I was hooked the entire time, brilliant work.",Positive
I couldn't wait for it to end.,Negative
The movie was absolutely fantastic!,Positive
Terrible acting and a boring story.,Negative
A true masterpiece of cinema.,Positive
Everything about this movie was perfect.,Positive
"I was hooked the entire time, brilliant work.",Positive
The characters were poorly written.,Negative
Terrible acting and a boring story.,Negative
Everything about this movie was perfect.,Positive
This movie exceeded all my expectations.,Positive
Such an inspiring and heartwarming story.,Positive
Everything about this movie was perfect.,Positive
The movie was absolutely fantastic!,Positive
It was an amazing experience from start to finish.,Positive
It was an amazing experience from start to finish.,Positive
The film was too long and pointless.,Negative
It was a complete waste of time.,Negative
The plot was dull and uninteresting.,Negative
Everything about this movie was perfect.,Positive
This movie exceeded all my expectations.,Positive
"I was hooked the entire time, brilliant work.",Positive
Absolutely awful from start to finish.,Negative
I couldn't wait for it to end.,Negative
Such an inspiring and heartwarming story.,Positive
Such an inspiring and heartwarming story.,Positive
I loved the plot and the characters.,Positive
It was a complete waste of time.,Negative
It was a complete waste of time.,Negative
A disappointing experience overall.,Negative
"I was hooked the entire time, brilliant work.",Positive
Everything about this movie was perfect.,Positive
A disappointing experience overall.,Negative
I regret watching this movie.,Negative
The movie was absolutely fantastic!,Positive
I regret watching this movie.,Negative
The film was too long and pointless.,Negative
It was a complete waste of time.,Negative
The movie was absolutely fantastic!,Positive
Everything about this movie was perfect.,Positive
Such an inspiring and heartwarming story.,Positive
It was a complete waste of time.,Negative
Nothing made sense in the storyline.,Negative
A disappointing experience overall.,Negative
It was an amazing experience from start to finish.,Positive
The plot was dull and uninteresting.,Negative
The movie was absolutely fantastic!,Positive
One of the best films I have ever seen.,Positive
Nothing made sense in the storyline.,Negative
It was an amazing experience from start to finish.,Positive
I loved the plot and the characters.,Positive
The film was too long and pointless.,Negative
I regret watching this movie.,Negative
It was a complete waste of time.,Negative
Terrible acting and a boring story.,Negative
The acting was top-notch and the story was gripping.,Positive
It was a complete waste of time.,Negative
The characters were poorly written.,Negative
Absolutely awful from start to finish.,Negative
Absolutely awful from start to finish.,Negative
Everything about this movie was perfect.,Positive
I loved the plot and the characters.,Positive
It was a complete waste of time.,Negative
Terrible acting and a boring story.,Negative
The film was too long and pointless.,Negative
A true masterpiece of cinema.,Positive
"I was hooked the entire time, brilliant work.",Positive
Everything about this movie was perfect.,Positive
This movie exceeded all my expectations.,Positive
It was an amazing experience from start to finish.,Positive
It was an amazing experience from start to finish.,Positive
Nothing made sense in the storyline.,Negative
The film was too long and pointless.,Negative
I couldn't wait for it to end.,Negative
A disappointing experience overall.,Negative
This movie exceeded all my expectations.,Positive
Terrible acting and a boring story.,Negative
Such an inspiring and heartwarming story.,Positive
I couldn't wait for it to end.,Negative
It was a complete waste of time.,Negative
A disappointing experience overall.,Negative
Everything about this movie was perfect.,Positive
"I was hooked the entire time, brilliant work.",Positive
A disappointing experience overall.,Negative
"I was hooked the entire time, brilliant work.",Positive
This movie exceeded all my expectations.,Positive
Terrible acting and a boring story.,Negative
Absolutely awful from start to finish.,Negative
It was a complete waste of time.,Negative
It was a complete waste of time.,Negative
The characters were poorly written.,Negative
I loved the plot and the characters.,Positive
It was a complete waste of time.,Negative
A true masterpiece of cinema.,Positive
A disappointing experience overall.,Negative
The plot was dull and uninteresting.,Negative
A disappointing experience overall.,Negative
I couldn't wait for it to end.,Negative
It was a complete waste of time.,Negative
"I was hooked the entire time, brilliant work.",Positive
This movie exceeded all my expectations.,Positive
The plot was dull and uninteresting.,Negative
The film was too long and pointless.,Negative
I couldn't wait for it to end.,Negative
The movie was absolutely fantastic!,Positive
This movie exceeded all my expectations.,Positive
The film was too long and pointless.,Negative
One of the best films I have ever seen.,Positive
A disappointing experience overall.,Negative
I loved the plot and the characters.,Positive
Nothing made sense in the storyline.,Negative
I regret watching this movie.,Negative
It was an amazing experience from start to finish.,Positive
The movie was absolutely fantastic!,Positive
Everything about this movie was perfect.,Positive
The film was too long and pointless.,Negative
I regret watching this movie.,Negative
I loved the plot and the characters.,Positive
Terrible acting and a boring story.,Negative
One of the best films I have ever seen.,Positive
Such an inspiring and heartwarming story.,Positive
The acting was top-notch and the story was gripping.,Positive
It was a complete waste of time.,Negative
The film was too long and pointless.,Negative
It was a complete waste of time.,Negative
This movie exceeded all my expectations.,Positive
The plot was dull and uninteresting.,Negative
I couldn't wait for it to end.,Negative
I loved the plot and the characters.,Positive
Nothing made sense in the storyline.,Negative
Nothing made sense in the storyline.,Negative
A true masterpiece of cinema.,Positive
Nothing made sense in the storyline.,Negative
The film was too long and pointless.,Negative
A disappointing experience overall.,Negative
Everything about this movie was perfect.,Positive
I loved the plot and the characters.,Positive
It was a complete waste of time.,Negative
It was an amazing experience from start to finish.,Positive
One of the best films I have ever seen.,Positive
The film was too long and pointless.,Negative
"I was hooked the entire time, brilliant work.",Positive
A true masterpiece of cinema.,Positive
The characters were poorly written.,Negative
The plot was dull and uninteresting.,Negative
It was a complete waste of time.,Negative
One of the best films I have ever seen.,Positive
The plot was dull and uninteresting.,Negative
The characters were poorly written.,Negative
The movie was absolutely fantastic!,Positive
I regret watching this movie.,Negative
The characters were poorly written.,Negative
"I was hooked the entire time, brilliant work.",Positive
The film was too long and pointless.,Negative
I loved the plot and the characters.,Positive
I regret watching this movie.,Negative
I regret watching this movie.,Negative
It was a complete waste of time.,Negative
Everything about this movie was perfect.,Positive
The acting was top-notch and the story was gripping.,Positive
"I was hooked the entire time, brilliant work.",Positive
This movie exceeded all my expectations.,Positive
The characters were poorly written.,Negative
The film was too long and pointless.,Negative
"I was hooked the entire time, brilliant work.",Positive
The plot was dull and uninteresting.,Negative
I loved the plot and the characters.,Positive
One of the best films I have ever seen.,Positive
It was a complete waste of time.,Negative
Such an inspiring and heartwarming story.,Positive
It was an amazing experience from start to finish.,Positive
A true masterpiece of cinema.,Positive
It was an amazing experience from start to finish.,Positive
The plot was dull and uninteresting.,Negative
Nothing made sense in the storyline.,Negative
I couldn't wait for it to end.,Negative
Such an inspiring and heartwarming story.,Positive
I couldn't wait for it to end.,Negative
It was a complete waste of time.,Negative
I couldn't wait for it to end.,Negative
The acting was top-notch and the story was gripping.,Positive
The acting was top-notch and the story was gripping.,Positive
One of the best films I have ever seen.,Positive
One of the best films I have ever seen.,Positive
"I was hooked the entire time, brilliant work.",Positive
One of the best films I have ever seen.,Positive
Terrible acting and a boring story.,Negative
The plot was dull and uninteresting.,Negative
Terrible acting and a boring story.,Negative
I couldn't wait for it to end.,Negative
One of the best films I have ever seen.,Positive
Such an inspiring and heartwarming story.,Positive
I couldn't wait for it to end.,Negative
"I was hooked the entire time, brilliant work.",Positive
A disappointing experience overall.,Negative
I couldn't wait for it to end.,Negative
It was an amazing experience from start to finish.,Positive
Everything about this movie was perfect.,Positive
Terrible acting and a boring story.,Negative
Such an inspiring and heartwarming story.,Positive
The film was too long and pointless.,Negative
The acting was top-notch and the story was gripping.,Positive
Nothing made sense in the storyline.,Negative
Nothing made sense in the storyline.,Negative
This movie exceeded all my expectations.,Positive
Everything about this movie was perfect.,Positive
The film was too long and pointless.,Negative
Terrible acting and a boring story.,Negative
A disappointing experience overall.,Negative
The plot was dull and uninteresting.,Negative
Such an inspiring and heartwarming story.,Positive
I regret watching this movie.,Negative
The plot was dull and uninteresting.,Negative
It was an amazing experience from start to finish.,Positive
One of the best films I have ever seen.,Positive
The film was too long and pointless.,Negative
This movie exceeded all my expectations.,Positive
The acting was top-notch and the story was gripping.,Positive
A disappointing experience overall.,Negative
"I was hooked the entire time, brilliant work.",Positive
Everything about this movie was perfect.,Positive
This movie exceeded all my expectations.,Positive
"I was hooked the entire time, brilliant work.",Positive
I couldn't wait for it to end.,Negative
I loved the plot and the characters.,Positive
It was an amazing experience from start to finish.,Positive
The acting was top-notch and the story was gripping.,Positive
The plot was dull and uninteresting.,Negative
A disappointing experience overall.,Negative
It was an amazing experience from start to finish.,Positive
A true masterpiece of cinema.,Positive
Absolutely awful from start to finish.,Negative
The acting was top-notch and the story was gripping.,Positive
Nothing made sense in the storyline.,Negative
"I was hooked the entire time, brilliant work.",Positive
A disappointing experience overall.,Negative
The characters were poorly written.,Negative
I loved the plot and the characters.,Positive
Terrible acting and a boring story.,Negative
The film was too long and pointless.,Negative
It was an amazing experience from start to finish.,Positive
One of the best films I have ever seen.,Positive
The film was too long and pointless.,Negative
Nothing made sense in the storyline.,Negative
Such an inspiring and heartwarming story.,Positive
The characters were poorly written.,Negative
The acting was top-notch and the story was gripping.,Positive
It was a complete waste of time.,Negative
I couldn't wait for it to end.,Negative
Terrible acting and a boring story.,Negative
Such an inspiring and heartwarming story.,Positive
Terrible acting and a boring story.,Negative
It was an amazing experience from start to finish.,Positive
I loved the plot and the characters.,Positive
The plot was dull and uninteresting.,Negative
Absolutely awful from start to finish.,Negative
"I was hooked the entire time, brilliant work.",Positive
Absolutely awful from start to finish.,Negative
"I was hooked the entire time, brilliant work.",Positive
It was an amazing experience from start to finish.,Positive
It was an amazing experience from start to finish.,Positive
The movie was absolutely fantastic!,Positive
I couldn't wait for it to end.,Negative
Everything about this movie was perfect.,Positive
The film was too long and pointless.,Negative
The film was too long and pointless.,Negative
I couldn't wait for it to end.,Negative
This movie exceeded all my expectations.,Positive
It was a complete waste of time.,Negative
The film was too long and pointless.,Negative
This movie exceeded all my expectations.,Positive
I couldn't wait for it to end.,Negative
"I was hooked the entire time, brilliant work.",Positive
A true masterpiece of cinema.,Positive
The plot was dull and uninteresting.,Negative
One of the best films I have ever seen.,Positive
This movie exceeded all my expectations.,Positive
Everything about this movie was perfect.,Positive
One of the best films I have ever seen.,Positive
This movie exceeded all my expectations.,Positive
Nothing made sense in the storyline.,Negative
A disappointing experience overall.,Negative
The characters were poorly written.,Negative
It was an amazing experience from start to finish.,Positive
The acting was top-notch and the story was gripping.,Positive
The plot was dull and uninteresting.,Negative
A true masterpiece of cinema.,Positive
Terrible acting and a boring story.,Negative
The characters were poorly written.,Negative
One of the best films I have ever seen.,Positive
I regret watching this movie.,Negative
It was a complete waste of time.,Negative
"I was hooked the entire time, brilliant work.",Positive
Terrible acting and a boring story.,Negative
It was a complete waste of time.,Negative
I regret watching this movie.,Negative
It was an amazing experience from start to finish.,Positive
A true masterpiece of cinema.,Positive
Absolutely awful from start to finish.,Negative
The acting was top-notch and the story was gripping.,Positive
A disappointing experience overall.,Negative
It was an amazing experience from start to finish.,Positive
It was an amazing experience from start to finish.,Positive
It was an amazing experience from start to finish.,Positive
The movie was absolutely fantastic!,Positive
A disappointing experience overall.,Negative
Nothing made sense in the storyline.,Negative
It was a complete waste of time.,Negative
"I was hooked the entire time, brilliant work.",Positive
I couldn't wait for it to end.,Negative
I couldn't wait for it to end.,Negative
Everything about this movie was perfect.,Positive
Everything about this movie was perfect.,Positive
The characters were poorly written.,Negative
A true masterpiece of cinema.,Positive
The acting was top-notch and the story was gripping.,Positive
The film was too long and pointless.,Negative
A disappointing experience overall.,Negative
I couldn't wait for it to end.,Negative
The characters were poorly written.,Negative
It was a complete waste of time.,Negative
I regret watching this movie.,Negative
The movie was absolutely fantastic!,Positive
One of the best films I have ever seen.,Positive
I loved the plot and the characters.,Positive
It was a complete waste of time.,Negative
A true masterpiece of cinema.,Positive
A disappointing experience overall.,Negative
The characters were poorly written.,Negative
I regret watching this movie.,Negative
Such an inspiring and heartwarming story.,Positive
The plot was dull and uninteresting.,Negative
The plot was dull and uninteresting.,Negative
It was a complete waste of time.,Negative
I regret watching this movie.,Negative
Nothing made sense in the storyline.,Negative
This movie exceeded all my expectations.,Positive
The film was too long and pointless.,Negative
I couldn't wait for it to end.,Negative
The plot was dull and uninteresting.,Negative
I couldn't wait for it to end.,Negative
The acting was top-notch and the story was gripping.,Positive
The movie was absolutely fantastic!,Positive
Nothing made sense in the storyline.,Negative
A disappointing experience overall.,Negative
"I was hooked the entire time, brilliant work.",Positive
"I was hooked the entire time, brilliant work.",Positive
One of the best films I have ever seen.,Positive
The characters were poorly written.,Negative
The film was too long and pointless.,Negative
One of the best films I have ever seen.,Positive
The film was too long and pointless.,Negative
I regret watching this movie.,Negative
Everything about this movie was perfect.,Positive
The movie was absolutely fantastic!,Positive
"I was hooked the entire time, brilliant work.",Positive
A true masterpiece of cinema.,Positive
I regret watching this movie.,Negative
The characters were poorly written.,Negative
"I was hooked the entire time, brilliant work.",Positive
It was an amazing experience from start to finish.,Positive
One of the best films I have ever seen.,Positive
"I was hooked the entire time, brilliant work.",Positive
The film was too long and pointless.,Negative
A disappointing experience overall.,Negative
I loved the plot and the characters.,Positive
The film was too long and pointless.,Negative
Such an inspiring and heartwarming story.,Positive
I couldn't wait for it to end.,Negative
I regret watching this movie.,Negative
A true masterpiece of cinema.,Positive
The acting was top-notch and the story was gripping.,Positive
Terrible acting and a boring story.,Negative
The plot was dull and uninteresting.,Negative
Nothing made sense in the storyline.,Negative
I regret watching this movie.,Negative
The acting was top-notch and the story was gripping.,Positive
I couldn't wait for it to end.,Negative
It was a complete waste of time.,Negative
It was an amazing experience from start to finish.,Positive
The plot was dull and uninteresting.,Negative
I regret watching this movie.,Negative
It was an amazing experience from start to finish.,Positive
A true masterpiece of cinema.,Positive
I couldn't wait for it to end.,Negative
Absolutely awful from start to finish.,Negative
This movie exceeded all my expectations.,Positive
The plot was dull and uninteresting.,Negative
One of the best films I have ever seen.,Positive
It was a complete waste of time.,Negative
The movie was absolutely fantastic!,Positive
Such an inspiring and heartwarming story.,Positive
The film was too long and pointless.,Negative
This movie exceeded all my expectations.,Positive
It was a complete waste of time.,Negative
"I was hooked the entire time, brilliant work.",Positive
It was a complete waste of time.,Negative
I regret watching this movie.,Negative
A true masterpiece of cinema.,Positive
Terrible acting and a boring story.,Negative
I loved the plot and the characters.,Positive
Everything about this movie was perfect.,Positive
It was a complete waste of time.,Negative
The acting was top-notch and the story was gripping.,Positive
The film was too long and pointless.,Negative
Terrible acting and a boring story.,Negative
Everything about this movie was perfect.,Positive
The film was too long and pointless.,Negative
A true masterpiece of cinema.,Positive
It was an amazing experience from start to finish.,Positive
I regret watching this movie.,Negative
Everything about this movie was perfect.,Positive
Everything about this movie was perfect.,Positive
A disappointing experience overall.,Negative
I loved the plot and the characters.,Positive
I couldn't wait for it to end.,Negative
I regret watching this movie.,Negative
It was an amazing experience from start to finish.,Positive
I couldn't wait for it to end.,Negative
The movie was absolutely fantastic!,Positive
The film was too long and pointless.,Negative
I couldn't wait for it to end.,Negative
Nothing made sense in the storyline.,Negative
It was an amazing experience from start to finish.,Positive
This movie exceeded all my expectations.,Positive
The plot was dull and uninteresting.,Negative
Absolutely awful from start to finish.,Negative
The characters were poorly written.,Negative
The acting was top-notch and the story was gripping.,Positive
One of the best films I have ever seen.,Positive
I couldn't wait for it to end.,Negative
I couldn't wait for it to end.,Negative
The characters were poorly written.,Negative
A disappointing experience overall.,Negative
Absolutely awful from start to finish.,Negative
The plot was dull and uninteresting.,Negative
It was a complete waste of time.,Negative
I loved the plot and the characters.,Positive
It was an amazing experience from start to finish.,Positive
I loved the plot and the characters.,Positive
I loved the plot and the characters.,Positive
One of the best films I have ever seen.,Positive
A disappointing experience overall.,Negative
"I was hooked the entire time, brilliant work.",Positive
The characters were poorly written.,Negative
I regret watching this movie.,Negative
Nothing made sense in the storyline.,Negative
I couldn't wait for it to end.,Negative
I regret watching this movie.,Negative
The film was too long and pointless.,Negative
"I was hooked the entire time, brilliant work.",Positive
The movie was absolutely fantastic!,Positive
I loved the plot and the characters.,Positive
Such an inspiring and heartwarming story.,Positive
The characters were poorly written.,Negative
It was a complete waste of time.,Negative
The plot was dull and uninteresting.,Negative
Absolutely awful from start to finish.,Negative
It was an amazing experience from start to finish.,Positive
It was a complete waste of time.,Negative
The plot was dull and uninteresting.,Negative
Terrible acting and a boring story.,Negative
I couldn't wait for it to end.,Negative
This movie exceeded all my expectations.,Positive
This movie exceeded all my expectations.,Positive
Terrible acting and a boring story.,Negative
Absolutely awful from start to finish.,Negative
The characters were poorly written.,Negative
Terrible acting and a boring story.,Negative
One of the best films I have ever seen.,Positive
The film was too long and pointless.,Negative
A true masterpiece of cinema.,Positive
The characters were poorly written.,Negative
I regret watching this movie.,Negative
A true masterpiece of cinema.,Positive
A disappointing experience overall.,Negative
It was an amazing experience from start to finish.,Positive
The acting was top-notch and the story was gripping.,Positive
I loved the plot and the characters.,Positive
"I was hooked the entire time, brilliant work.",Positive
The characters were poorly written.,Negative
Everything about this movie was perfect.,Positive
Nothing made sense in the storyline.,Negative
Terrible acting and a boring story.,Negative
The plot was dull and uninteresting.,Negative
The film was too long and pointless.,Negative
Everything about this movie was perfect.,Positive
I couldn't wait for it to end.,Negative
I regret watching this movie.,Negative
One of the best films I have ever seen.,Positive
One of the best films I have ever seen.,Positive
The film was too long and pointless.,Negative
The movie was absolutely fantastic!,Positive
I couldn't wait for it to end.,Negative
I regret watching this movie.,Negative
One of the best films I have ever seen.,Positive
A disappointing experience overall.,Negative
The acting was top-notch and the story was gripping.,Positive
Everything about this movie was perfect.,Positive
It was a complete waste of time.,Negative
I couldn't wait for it to end.,Negative
I regret watching this movie.,Negative
A true masterpiece of cinema.,Positive
Nothing made sense in the storyline.,Negative
The movie was absolutely fantastic!,Positive
Everything about this movie was perfect.,Positive
A disappointing experience overall.,Negative
Such an inspiring and heartwarming story.,Positive
Everything about this movie was perfect.,Positive
A disappointing experience overall.,Negative
I loved the plot and the characters.,Positive
The film was too long and pointless.,Negative
I couldn't wait for it to end.,Negative
One of the best films I have ever seen.,Positive
I regret watching this movie.,Negative
It was a complete waste of time.,Negative
Absolutely awful from start to finish.,Negative
The characters were poorly written.,Negative
It was a complete waste of time.,Negative
Terrible acting and a boring story.,Negative
The acting was top-notch and the story was gripping.,Positive
It was a complete waste of time.,Negative
The acting was top-notch and the story was gripping.,Positive
Nothing made sense in the storyline.,Negative
It was an amazing experience from start to finish.,Positive
It was a complete waste of time.,Negative
I loved the plot and the characters.,Positive
Absolutely awful from start to finish.,Negative
I regret watching this movie.,Negative
"I was hooked the entire time, brilliant work.",Positive
The film was too long and pointless.,Negative
I regret watching this movie.,Negative
Everything about this movie was perfect.,Positive
One of the best films I have ever seen.,Positive
Everything about this movie was perfect.,Positive
Everything about this movie was perfect.,Positive
The film was too long and pointless.,Negative
Terrible acting and a boring story.,Negative
I regret watching this movie.,Negative
This movie exceeded all my expectations.,Positive
A true masterpiece of cinema.,Positive
This movie exceeded all my expectations.,Positive
"I was hooked the entire time, brilliant work.",Positive
Such an inspiring and heartwarming story.,Positive
I loved the plot and the characters.,Positive
I loved the plot and the characters.,Positive
"I was hooked the entire time, brilliant work.",Positive
Everything about this movie was perfect.,Positive
The acting was top-notch and the story was gripping.,Positive
I couldn't wait for it to end.,Negative
The acting was top-notch and the story was gripping.,Positive
The characters were poorly written.,Negative
The characters were poorly written.,Negative
Terrible acting and a boring story.,Negative
This movie exceeded all my expectations.,Positive
This movie exceeded all my expectations.,Positive
The plot was dull and uninteresting.,Negative
Nothing made sense in the storyline.,Negative
The movie was absolutely fantastic!,Positive
The acting was top-notch and the story was gripping.,Positive
This movie exceeded all my expectations.,Positive
"I was hooked the entire time, brilliant work.",Positive
Such an inspiring and heartwarming story.,Positive
I regret watching this movie.,Negative
The acting was top-notch and the story was gripping.,Positive
It was a complete waste of time.,Negative
The plot was dull and uninteresting.,Negative
The movie was absolutely fantastic!,Positive
It was an amazing experience from start to finish.,Positive
The film was too long and pointless.,Negative
The film was too long and pointless.,Negative
I regret watching this movie.,Negative
Terrible acting and a boring story.,Negative
Nothing made sense in the storyline.,Negative
The film was too long and pointless.,Negative
Everything about this movie was perfect.,Positive
A disappointing experience overall.,Negative
"I was hooked the entire time, brilliant work.",Positive
This movie exceeded all my expectations.,Positive
"I was hooked the entire time, brilliant work.",Positive
The plot was dull and uninteresting.,Negative
A disappointing experience overall.,Negative
Absolutely awful from start to finish.,Negative
The acting was top-notch and the story was gripping.,Positive
Absolutely awful from start to finish.,Negative
Terrible acting and a boring story.,Negative
Everything about this movie was perfect.,Positive
The acting was top-notch and the story was gripping.,Positive
The movie was absolutely fantastic!,Positive
This movie exceeded all my expectations.,Positive
The movie was absolutely fantastic!,Positive
It was an amazing experience from start to finish.,Positive
Nothing made sense in the storyline.,Negative
The characters were poorly written.,Negative
A true masterpiece of cinema.,Positive
A disappointing experience overall.,Negative
It was a complete waste of time.,Negative
Terrible acting and a boring story.,Negative
This movie exceeded all my expectations.,Positive
Nothing made sense in the storyline.,Negative
I loved the plot and the characters.,Positive
One of the best films I have ever seen.,Positive
It was an amazing experience from start to finish.,Positive
A disappointing experience overall.,Negative
This movie exceeded all my expectations.,Positive
I loved the plot and the characters.,Positive
The characters were poorly written.,Negative
"I was hooked the entire time, brilliant work.",Positive
Everything about this movie was perfect.,Positive
Absolutely awful from start to finish.,Negative
The movie was absolutely fantastic!,Positive
"I was hooked the entire time, brilliant work.",Positive
One of the best films I have ever seen.,Positive
I loved the plot and the characters.,Positive
Absolutely awful from start to finish.,Negative
The acting was top-notch and the story was gripping.,Positive
Terrible acting and a boring story.,Negative
One of the best films I have ever seen.,Positive
The film was too long and pointless.,Negative
One of the best films I have ever seen.,Positive
The characters were poorly written.,Negative
The acting was top-notch and the story was gripping.,Positive
I couldn't wait for it to end.,Negative
The characters were poorly written.,Negative
I regret watching this movie.,Negative
I couldn't wait for it to end.,Negative
Absolutely awful from start to finish.,Negative
The plot was dull and uninteresting.,Negative
"I was hooked the entire time, brilliant work.",Positive
Everything about this movie was perfect.,Positive
The characters were poorly written.,Negative
The characters were poorly written.,Negative
The film was too long and pointless.,Negative
A true masterpiece of cinema.,Positive
The acting was top-notch and the story was gripping.,Positive
It was a complete waste of time.,Negative
The film was too long and pointless.,Negative
I couldn't wait for it to end.,Negative
Everything about this movie was perfect.,Positive
The characters were poorly written.,Negative
The plot was dull and uninteresting.,Negative
I couldn't wait for it to end.,Negative
Absolutely awful from start to finish.,Negative
Everything about this movie was perfect.,Positive
A disappointing experience overall.,Negative
This movie exceeded all my expectations.,Positive
I couldn't wait for it to end.,Negative
This movie exceeded all my expectations.,Positive
I couldn't wait for it to end.,Negative
Everything about this movie was perfect.,Positive
The acting was top-notch and the story was gripping.,Positive
I loved the plot and the characters.,Positive
It was a complete waste of time.,Negative
One of the best films I have ever seen.,Positive
It was an amazing experience from start to finish.,Positive
I couldn't wait for it to end.,Negative
A true masterpiece of cinema.,Positive
The characters were poorly written.,Negative
Nothing made sense in the storyline.,Negative
Terrible acting and a boring story.,Negative
One of the best films I have ever seen.,Positive
Such an inspiring and heartwarming story.,Positive
It was a complete waste of time.,Negative
The film was too long and pointless.,Negative
Terrible acting and a boring story.,Negative
Everything about this movie was perfect.,Positive
Such an inspiring and heartwarming story.,Positive
The plot was dull and uninteresting.,Negative
The acting was top-notch and the story was gripping.,Positive
Everything about this movie was perfect.,Positive
One of the best films I have ever seen.,Positive
The movie was absolutely fantastic!,Positive
I regret watching this movie.,Negative
The movie was absolutely fantastic!,Positive
The characters were poorly written.,Negative
A disappointing experience overall.,Negative
Nothing made sense in the storyline.,Negative
The film was too long and pointless.,Negative
A disappointing experience overall.,Negative
I loved the plot and the characters.,Positive
The acting was top-notch and the story was gripping.,Positive
The acting was top-notch and the story was gripping.,Positive
One of the best films I have ever seen.,Positive
It was an amazing experience from start to finish.,Positive
I regret watching this movie.,Negative
Absolutely awful from start to finish.,Negative
The plot was dull and uninteresting.,Negative
The acting was top-notch and the story was gripping.,Positive
I couldn't wait for it to end.,Negative
Everything about this movie was perfect.,Positive
The acting was top-notch and the story was gripping.,Positive
Absolutely awful from start to finish.,Negative
It was a complete waste of time.,Negative
One of the best films I have ever seen.,Positive
The movie was absolutely fantastic!,Positive
Such an inspiring and heartwarming story.,Positive
This movie exceeded all my expectations.,Positive
This movie exceeded all my expectations.,Positive
This movie exceeded all my expectations.,Positive
Such an inspiring and heartwarming story.,Positive
A true masterpiece of cinema.,Positive
The film was too long and pointless.,Negative
One of the best films I have ever seen.,Positive
I loved the plot and the characters.,Positive
It was a complete waste of time.,Negative
It was a complete waste of time.,Negative
The acting was top-notch and the story was gripping.,Positive
This movie exceeded all my expectations.,Positive
It was a complete waste of time.,Negative
I regret watching this movie.,Negative
"I was hooked the entire time, brilliant work.",Positive
Such an inspiring and heartwarming story.,Positive
I loved the plot and the characters.,Positive
I couldn't wait for it to end.,Negative
This movie exceeded all my expectations.,Positive
A disappointing experience overall.,Negative
Absolutely awful from start to finish.,Negative
"I was hooked the entire time, brilliant work.",Positive
Such an inspiring and heartwarming story.,Positive
It was an amazing experience from start to finish.,Positive
It was an amazing experience from start to finish.,Positive
I loved the plot and the characters.,Positive
The film was too long and pointless.,Negative
The movie was absolutely fantastic!,Positive
It was a complete waste of time.,Negative
I loved the plot and the characters.,Positive
I regret watching this movie.,Negative
"I was hooked the entire time, brilliant work.",Positive
Absolutely awful from start to finish.,Negative
One of the best films I have ever seen.,Positive
The acting was top-notch and the story was gripping.,Positive
The characters were poorly written.,Negative
Absolutely awful from start to finish.,Negative
This movie exceeded all my expectations.,Positive
I couldn't wait for it to end.,Negative
The plot was dull and uninteresting.,Negative
I regret watching this movie.,Negative
The film was too long and pointless.,Negative
Nothing made sense in the storyline.,Negative
The acting was top-notch and the story was gripping.,Positive
The characters were poorly written.,Negative
Absolutely awful from start to finish.,Negative
I couldn't wait for it to end.,Negative
It was an amazing experience from start to finish.,Positive
Nothing made sense in the storyline.,Negative
This movie exceeded all my expectations.,Positive
I loved the plot and the characters.,Positive
The plot was dull and uninteresting.,Negative
A disappointing experience overall.,Negative
Nothing made sense in the storyline.,Negative
Absolutely awful from start to finish.,Negative
A true masterpiece of cinema.,Positive
This movie exceeded all my expectations.,Positive
This movie exceeded all my expectations.,Positive
Terrible acting and a boring story.,Negative
Nothing made sense in the storyline.,Negative
Such an inspiring and heartwarming story.,Positive
A true masterpiece of cinema.,Positive
One of the best films I have ever seen.,Positive
The characters were poorly written.,Negative
It was an amazing experience from start to finish.,Positive
Terrible acting and a boring story.,Negative
The movie was absolutely fantastic!,Positive
It was an amazing experience from start to finish.,Positive
It was a complete waste of time.,Negative
Absolutely awful from start to finish.,Negative
One of the best films I have ever seen.,Positive
It was an amazing experience from start to finish.,Positive
Everything about this movie was perfect.,Positive
The movie was absolutely fantastic!,Positive
I loved the plot and the characters.,Positive
It was an amazing experience from start to finish.,Positive
It was an amazing experience from start to finish.,Positive
A disappointing experience overall.,Negative
A true masterpiece of cinema.,Positive
Absolutely awful from start to finish.,Negative
I couldn't wait for it to end.,Negative
A true masterpiece of cinema.,Positive
A true masterpiece of cinema.,Positive
Everything about this movie was perfect.,Positive
I regret watching this movie.,Negative
Absolutely awful from start to finish.,Negative
I loved the plot and the characters.,Positive
Everything about this movie was perfect.,Positive
"I was hooked the entire time, brilliant work.",Positive
I couldn't wait for it to end.,Negative
The plot was dull and uninteresting.,Negative
The characters were poorly written.,Negative
Terrible acting and a boring story.,Negative
It was a complete waste of time.,Negative
I loved the plot and the characters.,Positive
I regret watching this movie.,Negative
The film was too long and pointless.,Negative
"I was hooked the entire time, brilliant work.",Positive
It was a complete waste of time.,Negative
Absolutely awful from start to finish.,Negative
"I was hooked the entire time, brilliant work.",Positive
Such an inspiring and heartwarming story.,Positive
One of the best films I have ever seen.,Positive
A disappointing experience overall.,Negative
A true masterpiece of cinema.,Positive
It was a complete waste of time.,Negative
This movie exceeded all my expectations.,Positive
A true masterpiece of cinema.,Positive
Absolutely awful from start to finish.,Negative
The film was too long and pointless.,Negative
The movie was absolutely fantastic!,Positive
Absolutely awful from start to finish.,Negative
A true masterpiece of cinema.,Positive
I regret watching this movie.,Negative
The plot was dull and uninteresting.,Negative
The film was too long and pointless.,Negative
A disappointing experience overall.,Negative
The characters were poorly written.,Negative
The characters were poorly written.,Negative
I regret watching this movie.,Negative
The movie was absolutely fantastic!,Positive
It was an amazing experience from start to finish.,Positive
A true masterpiece of cinema.,Positive
Such an inspiring and heartwarming story.,Positive
"I was hooked the entire time, brilliant work.",Positive
The plot was dull and uninteresting.,Negative
A disappointing experience overall.,Negative
A true masterpiece of cinema.,Positive
The characters were poorly written.,Negative
"I was hooked the entire time, brilliant work.",Positive
The characters were poorly written.,Negative
Terrible acting and a boring story.,Negative
It was a complete waste of time.,Negative
The characters were poorly written.,Negative
Absolutely awful from start to finish.,Negative
This movie exceeded all my expectations.,Positive
I couldn't wait for it to end.,Negative
Absolutely awful from start to finish.,Negative
It was an amazing experience from start to finish.,Positive
I regret watching this movie.,Negative
One of the best films I have ever seen.,Positive
The plot was dull and uninteresting.,Negative
Terrible acting and a boring story.,Negative
The movie was absolutely fantastic!,Positive
A disappointing experience overall.,Negative
I regret watching this movie.,Negative
This movie exceeded all my expectations.,Positive
The movie was absolutely fantastic!,Positive
The characters were poorly written.,Negative
Absolutely awful from start to finish.,Negative
A true masterpiece of cinema.,Positive
This movie exceeded all my expectations.,Positive
The movie was absolutely fantastic!,Positive
Nothing made sense in the storyline.,Negative
It was an amazing experience from start to finish.,Positive
I regret watching this movie.,Negative
I couldn't wait for it to end.,Negative
The acting was top-notch and the story was gripping.,Positive
Absolutely awful from start to finish.,Negative
A true masterpiece of cinema.,Positive
The plot was dull and uninteresting.,Negative
Nothing made sense in the storyline.,Negative
It was a complete waste of time.,Negative
Everything about this movie was perfect.,Positive
The acting was top-notch and the story was gripping.,Positive
Everything about this movie was perfect.,Positive
The plot was dull and uninteresting.,Negative
Such an inspiring and heartwarming story.,Positive
Absolutely awful from start to finish.,Negative
It was a complete waste of time.,Negative
I couldn't wait for it to end.,Negative
It was an amazing experience from start to finish.,Positive
Nothing made sense in the storyline.,Negative
A true masterpiece of cinema.,Positive
One of the best films I have ever seen.,Positive
The plot was dull and uninteresting.,Negative
I loved the plot and the characters.,Positive
A true masterpiece of cinema.,Positive
Terrible acting and a boring story.,Negative
I loved the plot and the characters.,Positive
Such an inspiring and heartwarming story.,Positive
The movie was absolutely fantastic!,Positive
The acting was top-notch and the story was gripping.,Positive
A true masterpiece of cinema.,Positive
Everything about this movie was perfect.,Positive
The plot was dull and uninteresting.,Negative
A true masterpiece of cinema.,Positive
Absolutely awful from start to finish.,Negative
This movie exceeded all my expectations.,Positive
One of the best films I have ever seen.,Positive
Nothing made sense in the storyline.,Negative
The movie was absolutely fantastic!,Positive
Everything about this movie was perfect.,Positive
The film was too long and pointless.,Negative
I loved the plot and the characters.,Positive
The film was too long and pointless.,Negative
"I was hooked the entire time, brilliant work.",Positive
It was an amazing experience from start to finish.,Positive
A disappointing experience overall.,Negative
Nothing made sense in the storyline.,Negative
It was an amazing experience from start to finish.,Positive
Such an inspiring and heartwarming story.,Positive
This movie exceeded all my expectations.,Positive
The movie was absolutely fantastic!,Positive
"I was hooked the entire time, brilliant work.",Positive
Absolutely awful from start to finish.,Negative
The film was too long and pointless.,Negative
The movie was absolutely fantastic!,Positive
The film was too long and pointless.,Negative
Such an inspiring and heartwarming story.,Positive
I couldn't wait for it to end.,Negative
I loved the plot and the characters.,Positive
The acting was top-notch and the story was gripping.,Positive
One of the best films I have ever seen.,Positive
A true masterpiece of cinema.,Positive
This movie exceeded all my expectations.,Positive
Such an inspiring and heartwarming story.,Positive
A true masterpiece of cinema.,Positive
One of the best films I have ever seen.,Positive
A true masterpiece of cinema.,Positive
Such an inspiring and heartwarming story.,Positive
It was an amazing experience from start to finish.,Positive
A true masterpiece of cinema.,Positive
The movie was absolutely fantastic!,Positive
Absolutely awful from start to finish.,Negative
Such an inspiring and heartwarming story.,Positive
One of the best films I have ever seen.,Positive
Nothing made sense in the storyline.,Negative
Terrible acting and a boring story.,Negative
Absolutely awful from start to finish.,Negative
The plot was dull and uninteresting.,Negative
Nothing made sense in the storyline.,Negative
One of the best films I have ever seen.,Positive
Such an inspiring and heartwarming story.,Positive
One of the best films I have ever seen.,Positive
The movie was absolutely fantastic!,Positive
The characters were poorly written.,Negative
The movie was absolutely fantastic!,Positive
I couldn't wait for it to end.,Negative
One of the best films I have ever seen.,Positive
A true masterpiece of cinema.,Positive
One of the best films I have ever seen.,Positive
Such an inspiring and heartwarming story.,Positive
I loved the plot and the characters.,Positive
A disappointing experience overall.,Negative
It was an amazing experience from start to finish.,Positive
Absolutely awful from start to finish.,Negative
It was an amazing experience from start to finish.,Positive
Absolutely awful from start to finish.,Negative
Everything about this movie was perfect.,Positive
I loved the plot and the characters.,Positive
Absolutely awful from start to finish.,Negative
Nothing made sense in the storyline.,Negative
Nothing made sense in the storyline.,Negative
The acting was top-notch and the story was gripping.,Positive
It was a complete waste of time.,Negative
Such an inspiring and heartwarming story.,Positive
Absolutely awful from start to finish.,Negative
This movie exceeded all my expectations.,Positive
Absolutely awful from start to finish.,Negative
I couldn't wait for it to end.,Negative
Such an inspiring and heartwarming story.,Positive
It was an amazing experience from start to finish.,Positive
I regret watching this movie.,Negative
The characters were poorly written.,Negative
The acting was top-notch and the story was gripping.,Positive
A true masterpiece of cinema.,Positive
A true masterpiece of cinema.,Positive
Nothing made sense in the storyline.,Negative
Nothing made sense in the storyline.,Negative
The characters were poorly written.,Negative
Such an inspiring and heartwarming story.,Positive
It was an amazing experience from start to finish.,Positive
One of the best films I have ever seen.,Positive
A disappointing experience overall.,Negative
Such an inspiring and heartwarming story.,Positive
The plot was dull and uninteresting.,Negative
Such an inspiring and heartwarming story.,Positive
Nothing made sense in the storyline.,Negative
The characters were poorly written.,Negative
The movie was absolutely fantastic!,Positive
The plot was dull and uninteresting.,Negative
"I was hooked the entire time, brilliant work.",Positive
Everything about this movie was perfect.,Positive
Absolutely awful from start to finish.,Negative
The film was too long and pointless.,Negative
The plot was dull and uninteresting.,Negative
Terrible acting and a boring story.,Negative
A true masterpiece of cinema.,Positive
The plot was dull and uninteresting.,Negative
"I was hooked the entire time, brilliant work.",Positive
Such an inspiring and heartwarming story.,Positive
Terrible acting and a boring story.,Negative
The plot was dull and uninteresting.,Negative
The film was too long and pointless.,Negative
The acting was top-notch and the story was gripping.,Positive
The characters were poorly written.,Negative
Terrible acting and a boring story.,Negative
The film was too long and pointless.,Negative
Everything about this movie was perfect.,Positive
I loved the plot and the characters.,Positive
Terrible acting and a boring story.,Negative
It was an amazing experience from start to finish.,Positive
A true masterpiece of cinema.,Positive
Nothing made sense in the storyline.,Negative
It was an amazing experience from start to finish.,Positive
I regret watching this movie.,Negative
The characters were poorly written.,Negative
The plot was dull and uninteresting.,Negative
I regret watching this movie.,Negative
The plot was dull and uninteresting.,Negative
It was a complete waste of time.,Negative
Nothing made sense in the storyline.,Negative
The movie was absolutely fantastic!,Positive
This movie exceeded all my expectations.,Positive
Absolutely awful from start to finish.,Negative
The film was too long and pointless.,Negative
Nothing made sense in the storyline.,Negative
The movie was absolutely fantastic!,Positive
The acting was top-notch and the story was gripping.,Positive
I couldn't wait for it to end.,Negative
Absolutely awful from start to finish.,Negative
I loved the plot and the characters.,Positive
A true masterpiece of cinema.,Positive
Nothing made sense in the storyline.,Negative
The plot was dull and uninteresting.,Negative
I regret watching this movie.,Negative
The plot was dull and uninteresting.,Negative
Terrible acting and a boring story.,Negative
A disappointing experience overall.,Negative
It was a complete waste of time.,Negative
Such an inspiring and heartwarming story.,Positive
Everything about this movie was perfect.,Positive
The film was too long and pointless.,Negative
The movie was absolutely fantastic!,Positive
This movie exceeded all my expectations.,Positive
I regret watching this movie.,Negative
The characters were poorly written.,Negative
One of the best films I have ever seen.,Positive
The film was too long and pointless.,Negative
The plot was dull and uninteresting.,Negative
One of the best films I have ever seen.,Positive
This movie exceeded all my expectations.,Positive
It was an amazing experience from start to finish.,Positive
It was a complete waste of time.,Negative
This movie exceeded all my expectations.,Positive
Such an inspiring and heartwarming story.,Positive
It was a complete waste of time.,Negative
The plot was dull and uninteresting.,Negative
The plot was dull and uninteresting.,Negative
"I was hooked the entire time, brilliant work.",Positive
Everything about this movie was perfect.,Positive
Everything about this movie was perfect.,Positive
It was a complete waste of time.,Negative
Everything about this movie was perfect.,Positive
The film was too long and pointless.,Negative
The characters were poorly written.,Negative
A disappointing experience overall.,Negative
Such an inspiring and heartwarming story.,Positive
Terrible acting and a boring story.,Negative
Such an inspiring and heartwarming story.,Positive
The acting was top-notch and the story was gripping.,Positive
"I was hooked the entire time, brilliant work.",Positive
I couldn't wait for it to end.,Negative
Such an inspiring and heartwarming story.,Positive
The acting was top-notch and the story was gripping.,Positive
A disappointing experience overall.,Negative
"I was hooked the entire time, brilliant work.",Positive
A disappointing experience overall.,Negative
I couldn't wait for it to end.,Negative
The acting was top-notch and the story was gripping.,Positive
Terrible acting and a boring story.,Negative
A true masterpiece of cinema.,Positive
Everything about this movie was perfect.,Positive
This movie exceeded all my expectations.,Positive
Such an inspiring and heartwarming story.,Positive
Nothing made sense in the storyline.,Negative
This movie exceeded all my expectations.,Positive
"I was hooked the entire time, brilliant work.",Positive
This movie exceeded all my expectations.,Positive
A true masterpiece of cinema.,Positive
The film was too long and pointless.,Negative
Such an inspiring and heartwarming story.,Positive
Terrible acting and a boring story.,Negative
A true masterpiece of cinema.,Positive
Nothing made sense in the storyline.,Negative
The acting was top-notch and the story was gripping.,Positive
Such an inspiring and heartwarming story.,Positive
The movie was absolutely fantastic!,Positive
It was an amazing experience from start to finish.,Positive
The plot was dull and uninteresting.,Negative
This movie exceeded all my expectations.,Positive
Terrible acting and a boring story.,Negative
It was an amazing experience from start to finish.,Positive
A disappointing experience overall.,Negative
The movie was absolutely fantastic!,Positive
The movie was absolutely fantastic!,Positive
A true masterpiece of cinema.,Positive
"I was hooked the entire time, brilliant work.",Positive
It was an amazing experience from start to finish.,Positive
Terrible acting and a boring story.,Negative
Everything about this movie was perfect.,Positive
The characters were poorly written.,Negative
I couldn't wait for it to end.,Negative
Such an inspiring and heartwarming story.,Positive
I loved the plot and the characters.,Positive
I couldn't wait for it to end.,Negative
The characters were poorly written.,Negative
Nothing made sense in the storyline.,Negative
The film was too long and pointless.,Negative
This movie exceeded all my expectations.,Positive
It was an amazing experience from start to finish.,Positive
I couldn't wait for it to end.,Negative
A disappointing experience overall.,Negative
I couldn't wait for it to end.,Negative
It was a complete waste of time.,Negative
I couldn't wait for it to end.,Negative
This movie exceeded all my expectations.,Positive
The acting was top-notch and the story was gripping.,Positive
Terrible acting and a boring story.,Negative
A true masterpiece of cinema.,Positive
I regret watching this movie.,Negative
Absolutely awful from start to finish.,Negative
A disappointing experience overall.,Negative
One of the best films I have ever seen.,Positive
Absolutely awful from start to finish.,Negative
The acting was top-notch and the story was gripping.,Positive
Nothing made sense in the storyline.,Negative
One of the best films I have ever seen.,Positive
This movie exceeded all my expectations.,Positive
I regret watching this movie.,Negative
It was a complete waste of time.,Negative
One of the best films I have ever seen.,Positive
I regret watching this movie.,Negative
I loved the plot and the characters.,Positive
The characters were poorly written.,Negative
Such an inspiring and heartwarming story.,Positive
The acting was top-notch and the story was gripping.,Positive
The characters were poorly written.,Negative
"I was hooked the entire time, brilliant work.",Positive
One of the best films I have ever seen.,Positive
This movie exceeded all my expectations.,Positive
Such an inspiring and heartwarming story.,Positive
The movie was absolutely fantastic!,Positive
A true masterpiece of cinema.,Positive
Absolutely awful from start to finish.,Negative
The movie was absolutely fantastic!,Positive
It was a complete waste of time.,Negative
Everything about this movie was perfect.,Positive
I regret watching this movie.,Negative
The plot was dull and uninteresting.,Negative
Absolutely awful from start to finish.,Negative
"I was hooked the entire time, brilliant work.",Positive
This movie exceeded all my expectations.,Positive
Terrible acting and a boring story.,Negative
The film was too long and pointless.,Negative
A disappointing experience overall.,Negative
"I was hooked the entire time, brilliant work.",Positive
